instance,config,run,score,duration_sec,timed_out,ls_score,ls_improvement,ls_time_sec
australia_iptv,C1_Baseline,1,2540,250.379,False,2763,223,24.616
australia_iptv,C1_Baseline,2,2474,228.594,False,2651,177,32.812
australia_iptv,C1_Baseline,3,2601,242.369,False,2715,114,23.489
australia_iptv,C2_Exploitation,1,2535,205.762,False,2881,346,33.284
australia_iptv,C2_Exploitation,2,2578,220.493,False,2740,162,25.52
australia_iptv,C2_Exploitation,3,2390,189.689,False,2487,97,11.346
australia_iptv,C3_Exploration,1,2551,247.459,False,2657,106,27.132
australia_iptv,C3_Exploration,2,2495,246.262,False,2701,206,23.206
australia_iptv,C3_Exploration,3,2520,220.317,False,2627,107,12.988
australia_iptv,C4_Balanced,1,2438,166.503,False,2764,326,43.481
australia_iptv,C4_Balanced,2,2461,141.032,False,2529,68,18.338
australia_iptv,C4_Balanced,3,2431,141.61,False,2697,266,8.664
australia_iptv,C4_Balanced,4,2426,149.489,False,2525,99,20.224
australia_iptv,C4_Balanced,5,2552,145.35,False,2715,163,18.448
australia_iptv,C5_WidePopulation,1,2486,124.311,False,2603,117,10.876
australia_iptv,C5_WidePopulation,2,2489,146.086,False,2876,387,10.507
australia_iptv,C5_WidePopulation,3,2557,143.76,False,2686,129,28.491
australia_iptv,C5_WidePopulation,4,2522,134.208,False,2612,90,19.1
australia_iptv,C5_WidePopulation,5,2512,123.787,False,2753,241,12.209
canada_pw,C1_Baseline,1,2532,188.441,False,3119,587,22.681
canada_pw,C1_Baseline,2,2631,193.411,False,3307,676,37.259
canada_pw,C1_Baseline,3,2516,188.526,False,3109,593,30.516
canada_pw,C1_Baseline,4,2589,196.14,False,3297,708,29.948
canada_pw,C2_Exploitation,1,2520,193.916,False,3552,1032,32.431
canada_pw,C2_Exploitation,2,2559,195.917,False,3543,984,41.013
canada_pw,C2_Exploitation,3,2485,176.77,False,3654,1169,25.541
canada_pw,C2_Exploitation,4,2511,203.067,False,3325,814,41.163
canada_pw,C3_Exploration,1,2391,193.525,False,2773,382,19.291
canada_pw,C3_Exploration,2,2498,202.764,False,3114,616,24.778
canada_pw,C3_Exploration,3,2501,223.917,False,2901,400,45.037
canada_pw,C4_Balanced,1,2457,163.555,False,3029,572,32.822
canada_pw,C4_Balanced,2,2464,171.908,False,3212,748,45.429
canada_pw,C4_Balanced,3,2458,158.879,False,3028,570,22.747
canada_pw,C4_Balanced,4,2372,173.546,False,3175,803,38.109
canada_pw,C5_WidePopulation,1,2542,180.497,False,3155,613,41.248
canada_pw,C5_WidePopulation,2,2464,154.974,False,2778,314,21.769
canada_pw,C5_WidePopulation,3,2551,175.23,False,3077,526,37.389
canada_pw,C5_WidePopulation,4,2692,160.673,False,3680,988,31.921
china_pw,C1_Baseline,1,1847,359.67,False,1895,48,66.439
china_pw,C1_Baseline,2,1859,400.913,False,1879,20,88.887
china_pw,C2_Exploitation,1,1901,436.879,False,1949,48,84.168
china_pw,C2_Exploitation,2,1937,367.795,False,1974,37,83.527
china_pw,C3_Exploration,1,1853,456.59,False,1885,32,101.63
china_pw,C3_Exploration,2,1959,430.842,False,2007,48,65.074
china_pw,C4_Balanced,1,1909,330.837,False,1935,26,68.405
china_pw,C4_Balanced,2,1893,336.97,False,1939,46,71.629
china_pw,C5_WidePopulation,1,1873,366.886,False,1937,64,130.507
china_pw,C5_WidePopulation,2,1902,307.872,False,1961,59,68.32
croatia_tv_input,C1_Baseline,1,1703,2.913,False,1804,101,0.043
croatia_tv_input,C1_Baseline,2,1591,2.373,False,1668,77,0.03
croatia_tv_input,C1_Baseline,3,1651,2.534,False,1687,36,0.04
croatia_tv_input,C1_Baseline,4,1645,2.444,False,1659,14,0.05
croatia_tv_input,C1_Baseline,5,1593,2.433,False,1680,87,0.037
croatia_tv_input,C1_Baseline,6,1695,2.529,False,1730,35,0.041
croatia_tv_input,C1_Baseline,7,1600,2.718,False,1650,50,0.031
croatia_tv_input,C1_Baseline,8,1643,2.792,False,1668,25,0.065
croatia_tv_input,C1_Baseline,9,1649,2.656,False,1737,88,0.023
croatia_tv_input,C1_Baseline,10,1618,2.652,False,1706,88,0.054
croatia_tv_input,C2_Exploitation,1,1486,2.58,False,1854,368,0.063
croatia_tv_input,C2_Exploitation,2,1595,2.584,False,1696,101,0.021
croatia_tv_input,C2_Exploitation,3,1603,2.485,False,1743,140,0.077
croatia_tv_input,C2_Exploitation,4,1482,2.323,False,1564,82,0.045
croatia_tv_input,C2_Exploitation,5,1595,2.444,False,1717,122,0.036
croatia_tv_input,C2_Exploitation,6,1664,2.761,False,1751,87,0.033
croatia_tv_input,C2_Exploitation,7,1705,2.536,False,1737,32,0.048
croatia_tv_input,C2_Exploitation,8,1626,2.607,False,1774,148,0.044
croatia_tv_input,C2_Exploitation,9,1652,2.502,False,1747,95,0.047
croatia_tv_input,C2_Exploitation,10,1596,2.503,False,1666,70,0.03
croatia_tv_input,C3_Exploration,1,1692,2.905,False,1766,74,0.033
croatia_tv_input,C3_Exploration,2,1800,2.941,False,1824,24,0.035
croatia_tv_input,C3_Exploration,3,1861,3.741,False,1905,44,0.077
croatia_tv_input,C3_Exploration,4,1642,3.273,False,1731,89,0.04
croatia_tv_input,C3_Exploration,5,1809,3.718,False,1933,124,0.033
croatia_tv_input,C3_Exploration,6,1755,3.222,False,1863,108,0.028
croatia_tv_input,C3_Exploration,7,1818,3.292,False,1847,29,0.044
croatia_tv_input,C3_Exploration,8,1740,3.047,False,1779,39,0.022
croatia_tv_input,C3_Exploration,9,1867,3.09,False,1917,50,0.026
croatia_tv_input,C3_Exploration,10,1699,3.211,False,1724,25,0.027
croatia_tv_input,C4_Balanced,1,1686,2.352,False,1754,68,0.033
croatia_tv_input,C4_Balanced,2,1661,2.313,False,1724,63,0.049
croatia_tv_input,C4_Balanced,3,1740,2.467,False,1818,78,0.067
croatia_tv_input,C4_Balanced,4,1819,2.514,False,1860,41,0.083
croatia_tv_input,C4_Balanced,5,1651,2.421,False,1678,27,0.048
croatia_tv_input,C4_Balanced,6,1681,2.351,False,1754,73,0.053
croatia_tv_input,C4_Balanced,7,1649,2.516,False,1665,16,0.054
croatia_tv_input,C4_Balanced,8,1643,2.538,False,1665,22,0.066
croatia_tv_input,C4_Balanced,9,1680,2.584,False,1680,0,0.016
croatia_tv_input,C4_Balanced,10,1598,2.353,False,1632,34,0.031
croatia_tv_input,C5_WidePopulation,1,1761,2.015,False,1777,16,0.054
croatia_tv_input,C5_WidePopulation,2,1700,1.855,False,1746,46,0.025
croatia_tv_input,C5_WidePopulation,3,1678,1.993,False,1762,84,0.052
croatia_tv_input,C5_WidePopulation,4,1750,2.04,False,1829,79,0.042
croatia_tv_input,C5_WidePopulation,5,1741,1.969,False,1824,83,0.042
croatia_tv_input,C5_WidePopulation,6,1795,2.044,False,1815,20,0.025
croatia_tv_input,C5_WidePopulation,7,1649,2.044,False,1718,69,0.046
croatia_tv_input,C5_WidePopulation,8,1635,2.274,False,1737,102,0.023
croatia_tv_input,C5_WidePopulation,9,1974,2.404,False,2021,47,0.053
croatia_tv_input,C5_WidePopulation,10,1829,2.008,False,1847,18,0.033
france_iptv,C1_Baseline,1,2013,73.918,False,2048,35,14.312
france_iptv,C1_Baseline,2,1943,86.902,False,1972,29,32.128
france_iptv,C1_Baseline,3,2029,79.344,False,2150,121,27.968
france_iptv,C1_Baseline,4,1913,76.168,False,1973,60,20.832
france_iptv,C1_Baseline,5,2012,85.886,False,2390,378,32.72
france_iptv,C1_Baseline,6,1966,83.305,False,2023,57,30.83
france_iptv,C1_Baseline,7,2053,91.069,False,2237,184,29.315
france_iptv,C1_Baseline,8,2007,70.409,False,2106,99,16.195
france_iptv,C2_Exploitation,1,2047,73.452,False,2127,80,17.602
france_iptv,C2_Exploitation,2,1968,80.121,False,2046,78,18.925
france_iptv,C2_Exploitation,3,1918,72.675,False,2055,137,15.255
france_iptv,C2_Exploitation,4,1944,73.222,False,1974,30,16.575
france_iptv,C2_Exploitation,5,1975,64.29,False,2056,81,9.263
france_iptv,C2_Exploitation,6,1864,84.727,False,1900,36,28.187
france_iptv,C2_Exploitation,7,1951,70.772,False,2006,55,20.15
france_iptv,C2_Exploitation,8,2073,84.66,False,2441,368,31.279
france_iptv,C3_Exploration,1,2069,93.46,False,2258,189,23.713
france_iptv,C3_Exploration,2,1994,91.008,False,2183,189,25.872
france_iptv,C3_Exploration,3,2027,90.092,False,2124,97,18.925
france_iptv,C3_Exploration,4,1913,87.398,False,2025,112,21.351
france_iptv,C3_Exploration,5,2054,171.199,False,2121,67,54.939
france_iptv,C3_Exploration,6,1932,78.218,False,1942,10,10.568
france_iptv,C4_Balanced,1,2008,97.447,False,2123,115,34.044
france_iptv,C4_Balanced,2,1981,78.542,False,2140,159,26.466
france_iptv,C4_Balanced,3,1941,69.789,False,1955,14,21.237
france_iptv,C4_Balanced,4,2028,77.708,False,2101,73,26.333
france_iptv,C4_Balanced,5,2044,62.433,False,2137,93,13.88
france_iptv,C4_Balanced,6,2004,72.407,False,2101,97,28.14
france_iptv,C4_Balanced,7,1892,84.065,False,2130,238,41.39
france_iptv,C4_Balanced,8,2004,81.095,False,2190,186,30.377
france_iptv,C5_WidePopulation,1,2016,62.992,False,2135,119,19.081
france_iptv,C5_WidePopulation,2,2094,57.525,False,2347,253,13.505
france_iptv,C5_WidePopulation,3,1940,74.998,False,1991,51,29.845
france_iptv,C5_WidePopulation,4,1943,57.103,False,2057,114,13.393
france_iptv,C5_WidePopulation,5,2027,57.379,False,2202,175,9.344
france_iptv,C5_WidePopulation,6,1973,69.981,False,2314,341,26.299
france_iptv,C5_WidePopulation,7,1957,89.649,False,2072,115,46.856
france_iptv,C5_WidePopulation,8,1896,87.129,False,2077,181,39.245
france_iptv,C5_WidePopulation,9,1985,56.09,False,2167,182,11.687
germany_tv_input,C1_Baseline,1,922,1.339,False,922,0,0.068
germany_tv_input,C1_Baseline,2,917,1.132,False,932,15,0.085
germany_tv_input,C1_Baseline,3,932,1.471,False,932,0,0.037
germany_tv_input,C1_Baseline,4,922,1.331,False,922,0,0.125
germany_tv_input,C1_Baseline,5,920,1.391,False,922,2,0.109
germany_tv_input,C1_Baseline,6,917,1.143,False,922,5,0.102
germany_tv_input,C1_Baseline,7,920,1.018,False,922,2,0.088
germany_tv_input,C1_Baseline,8,920,0.967,False,922,2,0.102
germany_tv_input,C1_Baseline,9,917,0.966,False,917,0,0.035
germany_tv_input,C1_Baseline,10,912,0.921,False,922,10,0.069
germany_tv_input,C2_Exploitation,1,902,1.06,False,932,30,0.068
germany_tv_input,C2_Exploitation,2,922,0.966,False,922,0,0.026
germany_tv_input,C2_Exploitation,3,917,1.005,False,917,0,0.044
germany_tv_input,C2_Exploitation,4,917,0.94,False,932,15,0.054
germany_tv_input,C2_Exploitation,5,915,1.086,False,922,7,0.077
germany_tv_input,C2_Exploitation,6,917,0.985,False,922,5,0.084
germany_tv_input,C2_Exploitation,7,917,0.927,False,922,5,0.098
germany_tv_input,C2_Exploitation,8,922,0.977,False,922,0,0.043
germany_tv_input,C2_Exploitation,9,917,0.984,False,932,15,0.07
germany_tv_input,C2_Exploitation,10,907,1.176,False,917,10,0.097
germany_tv_input,C3_Exploration,1,932,1.019,False,932,0,0.026
germany_tv_input,C3_Exploration,2,920,1.125,False,932,12,0.072
germany_tv_input,C3_Exploration,3,932,1.043,False,932,0,0.035
germany_tv_input,C3_Exploration,4,917,1.217,False,922,5,0.121
germany_tv_input,C3_Exploration,5,920,1.094,False,932,12,0.08
germany_tv_input,C3_Exploration,6,932,1.184,False,932,0,0.039
germany_tv_input,C3_Exploration,7,932,1.097,False,932,0,0.034
germany_tv_input,C3_Exploration,8,917,1.144,False,917,0,0.028
germany_tv_input,C3_Exploration,9,932,1.076,False,932,0,0.027
germany_tv_input,C3_Exploration,10,922,1.149,False,922,0,0.042
germany_tv_input,C4_Balanced,1,900,0.946,False,922,22,0.114
germany_tv_input,C4_Balanced,2,917,1.044,False,922,5,0.097
germany_tv_input,C4_Balanced,3,923,0.883,False,932,9,0.1
germany_tv_input,C4_Balanced,4,920,0.881,False,932,12,0.052
germany_tv_input,C4_Balanced,5,920,0.983,False,932,12,0.053
germany_tv_input,C4_Balanced,6,922,0.926,False,922,0,0.034
germany_tv_input,C4_Balanced,7,922,0.971,False,922,0,0.053
germany_tv_input,C4_Balanced,8,922,0.868,False,922,0,0.026
germany_tv_input,C4_Balanced,9,922,0.948,False,922,0,0.065
germany_tv_input,C4_Balanced,10,920,0.92,False,932,12,0.078
germany_tv_input,C5_WidePopulation,1,910,0.746,False,932,22,0.07
germany_tv_input,C5_WidePopulation,2,915,0.836,False,922,7,0.061
germany_tv_input,C5_WidePopulation,3,914,0.806,False,922,8,0.069
germany_tv_input,C5_WidePopulation,4,917,0.814,False,922,5,0.114
germany_tv_input,C5_WidePopulation,5,917,0.851,False,922,5,0.065
germany_tv_input,C5_WidePopulation,6,910,0.788,False,917,7,0.07
germany_tv_input,C5_WidePopulation,7,932,0.731,False,932,0,0.034
germany_tv_input,C5_WidePopulation,8,917,0.873,False,922,5,0.121
germany_tv_input,C5_WidePopulation,9,932,0.765,False,932,0,0.039
germany_tv_input,C5_WidePopulation,10,922,0.801,False,922,0,0.08
kosovo_tv_input,C1_Baseline,1,1446,2.002,False,1485,39,0.034
kosovo_tv_input,C1_Baseline,2,1430,2.219,False,1495,65,0.049
kosovo_tv_input,C1_Baseline,3,1384,2.234,False,1384,0,0.036
kosovo_tv_input,C1_Baseline,4,1467,2.816,False,1487,20,0.089
kosovo_tv_input,C1_Baseline,5,1419,2.601,False,1440,21,0.072
kosovo_tv_input,C1_Baseline,6,1428,2.608,False,1437,9,0.048
kosovo_tv_input,C1_Baseline,7,1414,2.538,False,1426,12,0.049
kosovo_tv_input,C1_Baseline,8,1444,2.834,False,1460,16,0.057
kosovo_tv_input,C1_Baseline,9,1420,2.924,False,1429,9,0.064
kosovo_tv_input,C1_Baseline,10,1406,2.354,False,1417,11,0.038
kosovo_tv_input,C2_Exploitation,1,1359,2.269,False,1370,11,0.055
kosovo_tv_input,C2_Exploitation,2,1302,2.295,False,1354,52,0.043
kosovo_tv_input,C2_Exploitation,3,1369,2.172,False,1377,8,0.022
kosovo_tv_input,C2_Exploitation,4,1367,2.261,False,1411,44,0.05
kosovo_tv_input,C2_Exploitation,5,1386,2.318,False,1443,57,0.054
kosovo_tv_input,C2_Exploitation,6,1387,2.525,False,1398,11,0.032
kosovo_tv_input,C2_Exploitation,7,1366,2.176,False,1412,46,0.06
kosovo_tv_input,C2_Exploitation,8,1293,2.265,False,1425,132,0.043
kosovo_tv_input,C2_Exploitation,9,1366,2.157,False,1450,84,0.049
kosovo_tv_input,C2_Exploitation,10,1356,2.206,False,1395,39,0.047
kosovo_tv_input,C3_Exploration,1,1438,2.535,False,1534,96,0.024
kosovo_tv_input,C3_Exploration,2,1425,2.473,False,1507,82,0.023
kosovo_tv_input,C3_Exploration,3,1436,2.535,False,1460,24,0.023
kosovo_tv_input,C3_Exploration,4,1397,2.538,False,1433,36,0.051
kosovo_tv_input,C3_Exploration,5,1469,2.856,False,1490,21,0.051
kosovo_tv_input,C3_Exploration,6,1422,2.504,False,1491,69,0.043
kosovo_tv_input,C3_Exploration,7,1421,2.469,False,1446,25,0.053
kosovo_tv_input,C3_Exploration,8,1505,2.619,False,1510,5,0.033
kosovo_tv_input,C3_Exploration,9,1416,2.522,False,1447,31,0.04
kosovo_tv_input,C3_Exploration,10,1450,2.652,False,1476,26,0.039
kosovo_tv_input,C4_Balanced,1,1429,2.453,False,1474,45,0.038
kosovo_tv_input,C4_Balanced,2,1384,2.46,False,1423,39,0.033
kosovo_tv_input,C4_Balanced,3,1456,2.582,False,1465,9,0.023
kosovo_tv_input,C4_Balanced,4,1462,2.273,False,1510,48,0.042
kosovo_tv_input,C4_Balanced,5,1443,2.686,False,1470,27,0.061
kosovo_tv_input,C4_Balanced,6,1401,2.285,False,1429,28,0.075
kosovo_tv_input,C4_Balanced,7,1434,1.852,False,1474,40,0.021
kosovo_tv_input,C4_Balanced,8,1423,1.918,False,1423,0,0.021
kosovo_tv_input,C4_Balanced,9,1412,1.921,False,1423,11,0.043
kosovo_tv_input,C4_Balanced,10,1388,2.013,False,1453,65,0.047
kosovo_tv_input,C5_WidePopulation,1,1386,1.655,False,1429,43,0.065
kosovo_tv_input,C5_WidePopulation,2,1412,1.698,False,1474,62,0.024
kosovo_tv_input,C5_WidePopulation,3,1402,1.494,False,1427,25,0.052
kosovo_tv_input,C5_WidePopulation,4,1438,1.793,False,1466,28,0.062
kosovo_tv_input,C5_WidePopulation,5,1490,1.711,False,1533,43,0.034
kosovo_tv_input,C5_WidePopulation,6,1476,1.717,False,1505,29,0.061
kosovo_tv_input,C5_WidePopulation,7,1425,1.616,False,1437,12,0.038
kosovo_tv_input,C5_WidePopulation,8,1459,1.642,False,1470,11,0.022
kosovo_tv_input,C5_WidePopulation,9,1487,1.681,False,1487,0,0.045
kosovo_tv_input,C5_WidePopulation,10,1416,1.8,False,1442,26,0.067
netherlands_tv_input,C1_Baseline,1,1447,2.354,False,1449,2,0.057
netherlands_tv_input,C1_Baseline,2,1500,2.302,False,1623,123,0.047
netherlands_tv_input,C1_Baseline,3,1555,2.439,False,1557,2,0.063
netherlands_tv_input,C1_Baseline,4,1502,2.407,False,1549,47,0.106
netherlands_tv_input,C1_Baseline,5,1540,2.256,False,1574,34,0.033
netherlands_tv_input,C1_Baseline,6,1502,2.45,False,1525,23,0.088
netherlands_tv_input,C1_Baseline,7,1500,2.323,False,1546,46,0.062
netherlands_tv_input,C1_Baseline,8,1535,2.18,False,1560,25,0.055
netherlands_tv_input,C1_Baseline,9,1403,2.278,False,1412,9,0.055
netherlands_tv_input,C1_Baseline,10,1482,2.289,False,1618,136,0.06
netherlands_tv_input,C2_Exploitation,1,1468,2.476,False,1473,5,0.04
netherlands_tv_input,C2_Exploitation,2,1308,2.452,False,1332,24,0.073
netherlands_tv_input,C2_Exploitation,3,1487,2.669,False,1523,36,0.097
netherlands_tv_input,C2_Exploitation,4,1367,2.988,False,1577,210,0.056
netherlands_tv_input,C2_Exploitation,5,1559,2.845,False,1589,30,0.056
netherlands_tv_input,C2_Exploitation,6,1362,2.983,False,1362,0,0.018
netherlands_tv_input,C2_Exploitation,7,1464,2.542,False,1512,48,0.053
netherlands_tv_input,C2_Exploitation,8,1482,2.61,False,1514,32,0.078
netherlands_tv_input,C2_Exploitation,9,1401,2.139,False,1569,168,0.052
netherlands_tv_input,C2_Exploitation,10,1405,2.348,False,1501,96,0.066
netherlands_tv_input,C3_Exploration,1,1570,2.696,False,1609,39,0.05
netherlands_tv_input,C3_Exploration,2,1476,2.613,False,1590,114,0.076
netherlands_tv_input,C3_Exploration,3,1565,2.73,False,1571,6,0.069
netherlands_tv_input,C3_Exploration,4,1461,2.558,False,1525,64,0.064
netherlands_tv_input,C3_Exploration,5,1449,2.625,False,1529,80,0.063
netherlands_tv_input,C3_Exploration,6,1494,2.621,False,1544,50,0.071
netherlands_tv_input,C3_Exploration,7,1451,2.593,False,1568,117,0.041
netherlands_tv_input,C3_Exploration,8,1459,2.557,False,1549,90,0.046
netherlands_tv_input,C3_Exploration,9,1598,2.538,False,1678,80,0.049
netherlands_tv_input,C3_Exploration,10,1493,2.564,False,1502,9,0.049
netherlands_tv_input,C4_Balanced,1,1484,1.97,False,1507,23,0.057
netherlands_tv_input,C4_Balanced,2,1462,1.956,False,1528,66,0.051
netherlands_tv_input,C4_Balanced,3,1489,2.023,False,1490,1,0.046
netherlands_tv_input,C4_Balanced,4,1417,1.964,False,1417,0,0.03
netherlands_tv_input,C4_Balanced,5,1503,1.98,False,1518,15,0.125
netherlands_tv_input,C4_Balanced,6,1450,2.012,False,1467,17,0.062
netherlands_tv_input,C4_Balanced,7,1475,2.097,False,1524,49,0.048
netherlands_tv_input,C4_Balanced,8,1513,1.946,False,1521,8,0.036
netherlands_tv_input,C4_Balanced,9,1664,2.255,False,1692,28,0.04
netherlands_tv_input,C4_Balanced,10,1495,2.429,False,1503,8,0.05
netherlands_tv_input,C5_WidePopulation,1,1467,2.259,False,1475,8,0.067
netherlands_tv_input,C5_WidePopulation,2,1491,2.098,False,1511,20,0.063
netherlands_tv_input,C5_WidePopulation,3,1510,1.83,False,1551,41,0.056
netherlands_tv_input,C5_WidePopulation,4,1465,2.058,False,1492,27,0.04
netherlands_tv_input,C5_WidePopulation,5,1506,2.116,False,1506,0,0.028
netherlands_tv_input,C5_WidePopulation,6,1490,1.914,False,1531,41,0.038
netherlands_tv_input,C5_WidePopulation,7,1531,1.731,False,1537,6,0.047
netherlands_tv_input,C5_WidePopulation,8,1524,1.751,False,1555,31,0.039
netherlands_tv_input,C5_WidePopulation,9,1424,1.684,False,1438,14,0.06
netherlands_tv_input,C5_WidePopulation,10,1493,1.671,False,1501,8,0.044
singapore_pw,C1_Baseline,1,2398,76.33,False,3044,646,22.613
singapore_pw,C1_Baseline,2,2449,65.971,False,2861,412,14.587
singapore_pw,C1_Baseline,3,2371,64.47,False,2934,563,10.956
singapore_pw,C1_Baseline,4,2516,71.018,False,2952,436,18.124
singapore_pw,C1_Baseline,5,2383,72.102,False,2607,224,18.647
singapore_pw,C1_Baseline,6,2330,67.333,False,2673,343,11.702
singapore_pw,C1_Baseline,7,2411,72.212,False,3134,723,16.209
singapore_pw,C1_Baseline,8,2442,58.485,False,2576,134,5.74
singapore_pw,C1_Baseline,9,2425,68.837,False,2740,315,15.552
singapore_pw,C2_Exploitation,1,2537,67.089,False,2840,303,15.392
singapore_pw,C2_Exploitation,2,2320,65.265,False,2925,605,21.671
singapore_pw,C2_Exploitation,3,2596,62.499,False,2721,125,12.54
singapore_pw,C2_Exploitation,4,2447,73.644,False,2748,301,16.077
singapore_pw,C2_Exploitation,5,2525,79.7,False,2757,232,21.508
singapore_pw,C2_Exploitation,6,2390,70.006,False,2851,461,15.043
singapore_pw,C2_Exploitation,7,2359,63.894,False,2915,556,12.336
singapore_pw,C2_Exploitation,8,2207,75.866,False,2896,689,23.963
singapore_pw,C2_Exploitation,9,2183,63.391,False,2557,374,10.679
singapore_pw,C3_Exploration,1,2545,79.737,False,3154,609,20.555
singapore_pw,C3_Exploration,2,2501,79.943,False,3150,649,14.528
singapore_pw,C3_Exploration,3,2423,73.26,False,2546,123,11.539
singapore_pw,C3_Exploration,4,2364,68.72,False,2968,604,6.365
singapore_pw,C3_Exploration,5,2616,80.617,False,3315,699,19.019
singapore_pw,C3_Exploration,6,2434,83.638,False,2814,380,17.26
singapore_pw,C3_Exploration,7,2525,75.482,False,2856,331,12.067
singapore_pw,C3_Exploration,8,2302,78.127,False,3042,740,15.113
singapore_pw,C4_Balanced,1,2299,61.023,False,2513,214,9.828
singapore_pw,C4_Balanced,2,2318,71.056,False,2815,497,20.215
singapore_pw,C4_Balanced,3,2400,63.135,False,2475,75,10.373
singapore_pw,C4_Balanced,4,2454,55.95,False,2631,177,11.333
singapore_pw,C4_Balanced,5,2642,64.451,False,3013,371,16.325
singapore_pw,C4_Balanced,6,2504,71.172,False,2948,444,25.122
singapore_pw,C4_Balanced,7,2378,52.93,False,2616,238,6.21
singapore_pw,C4_Balanced,8,2471,63.628,False,3318,847,14.636
singapore_pw,C4_Balanced,9,2375,52.958,False,2523,148,6.166
singapore_pw,C4_Balanced,10,2491,63.607,False,2979,488,13.051
singapore_pw,C5_WidePopulation,1,2442,46.558,False,3093,651,6.256
singapore_pw,C5_WidePopulation,2,2364,71.778,False,2738,374,26.678
singapore_pw,C5_WidePopulation,3,2431,64.478,False,2814,383,20.554
singapore_pw,C5_WidePopulation,4,2388,66.825,False,3042,654,23.269
singapore_pw,C5_WidePopulation,5,2461,61.771,False,3179,718,18.404
singapore_pw,C5_WidePopulation,6,2553,66.298,False,3085,532,20.553
singapore_pw,C5_WidePopulation,7,2413,56.264,False,2780,367,13.908
singapore_pw,C5_WidePopulation,8,2355,56.222,False,3019,664,14.154
singapore_pw,C5_WidePopulation,9,2524,71.826,False,2858,334,29.25
singapore_pw,C5_WidePopulation,10,2465,56.902,False,3218,753,14.691
spain_iptv,C1_Baseline,1,2064,69.904,False,2157,93,33.787
spain_iptv,C1_Baseline,2,2147,57.108,False,2442,295,26.876
spain_iptv,C1_Baseline,3,2067,66.882,False,2184,117,33.938
spain_iptv,C1_Baseline,4,2172,61.17,False,2269,97,28.257
spain_iptv,C1_Baseline,5,1987,52.609,False,2095,108,23.946
spain_iptv,C1_Baseline,6,2143,66.802,False,2479,336,28.364
spain_iptv,C1_Baseline,7,2043,76.738,False,2301,258,38.545
spain_iptv,C1_Baseline,8,2085,66.796,False,2327,242,23.362
spain_iptv,C1_Baseline,9,2053,93.778,False,2235,182,50.183
spain_iptv,C2_Exploitation,1,2070,59.756,False,2260,190,23.634
spain_iptv,C2_Exploitation,2,2069,58.932,False,2149,80,21.589
spain_iptv,C2_Exploitation,3,2092,60.341,False,2325,233,30.377
spain_iptv,C2_Exploitation,4,2012,57.099,False,2227,215,26.48
spain_iptv,C2_Exploitation,5,2361,61.001,False,2522,161,26.812
spain_iptv,C2_Exploitation,6,2075,53.501,False,2520,445,26.286
spain_iptv,C2_Exploitation,7,2044,57.458,False,2178,134,23.691
spain_iptv,C2_Exploitation,8,2030,57.96,False,2215,185,24.355
spain_iptv,C2_Exploitation,9,2233,57.33,False,2611,378,22.428
spain_iptv,C2_Exploitation,10,1899,54.864,False,1984,85,25.291
spain_iptv,C3_Exploration,1,2090,56.814,False,2206,116,15.612
spain_iptv,C3_Exploration,2,2070,57.501,False,2130,60,14.174
spain_iptv,C3_Exploration,3,2093,71.637,False,2156,63,27.143
spain_iptv,C3_Exploration,4,2112,63.093,False,2311,199,20.215
spain_iptv,C3_Exploration,5,2037,62.033,False,2135,98,19.617
spain_iptv,C3_Exploration,6,2006,74.393,False,2219,213,30.889
spain_iptv,C3_Exploration,7,2043,80.668,False,2252,209,40.036
spain_iptv,C3_Exploration,8,2008,54.846,False,2226,218,12.766
spain_iptv,C3_Exploration,9,2124,63.276,False,2360,236,26.274
spain_iptv,C3_Exploration,10,2064,73.394,False,2122,58,26.454
spain_iptv,C4_Balanced,1,1968,53.525,False,2028,60,25.955
spain_iptv,C4_Balanced,2,1935,41.741,False,1954,19,12.874
spain_iptv,C4_Balanced,3,2062,44.256,False,2180,118,15.777
spain_iptv,C4_Balanced,4,2199,59.681,False,2303,104,31.068
spain_iptv,C4_Balanced,5,1981,64.472,False,2050,69,37.869
spain_iptv,C4_Balanced,6,2132,59.322,False,2195,63,32.721
spain_iptv,C4_Balanced,7,2168,50.809,False,2188,20,21.593
spain_iptv,C4_Balanced,8,1963,50.685,False,2027,64,17.826
spain_iptv,C4_Balanced,9,2138,58.575,False,2193,55,25.775
spain_iptv,C4_Balanced,10,2125,58.904,False,2375,250,30.88
spain_iptv,C5_WidePopulation,1,2252,48.492,False,2365,113,19.503
spain_iptv,C5_WidePopulation,2,2051,60.038,False,2095,44,32.497
spain_iptv,C5_WidePopulation,3,1972,70.254,False,2034,62,40.341
spain_iptv,C5_WidePopulation,4,1965,55.724,False,2410,445,30.012
spain_iptv,C5_WidePopulation,5,2041,61.735,False,2353,312,32.31
spain_iptv,C5_WidePopulation,6,2060,70.991,False,2192,132,34.815
spain_iptv,C5_WidePopulation,7,2064,86.0,False,2338,274,52.045
spain_iptv,C5_WidePopulation,8,2024,75.918,False,2240,216,39.706
spain_iptv,C5_WidePopulation,9,1963,61.806,False,2139,176,24.282
spain_iptv,C5_WidePopulation,10,2132,66.993,False,2290,158,29.149
toy,C1_Baseline,1,380,0.791,False,380,0,0.022
toy,C1_Baseline,2,380,0.853,False,380,0,0.021
toy,C1_Baseline,3,380,0.797,False,380,0,0.007
toy,C1_Baseline,4,380,0.902,False,380,0,0.023
toy,C1_Baseline,5,380,0.969,False,380,0,0.021
toy,C1_Baseline,6,380,0.93,False,380,0,0.02
toy,C1_Baseline,7,380,0.986,False,380,0,0.025
toy,C1_Baseline,8,380,1.028,False,380,0,0.008
toy,C1_Baseline,9,380,0.91,False,380,0,0.008
toy,C1_Baseline,10,380,0.721,False,380,0,0.007
toy,C2_Exploitation,1,380,0.664,False,380,0,0.011
toy,C2_Exploitation,2,380,0.74,False,380,0,0.007
toy,C2_Exploitation,3,380,0.704,False,380,0,0.021
toy,C2_Exploitation,4,380,0.666,False,380,0,0.007
toy,C2_Exploitation,5,380,0.703,False,380,0,0.009
toy,C2_Exploitation,6,380,0.649,False,380,0,0.007
toy,C2_Exploitation,7,380,0.625,False,380,0,0.018
toy,C2_Exploitation,8,380,0.735,False,380,0,0.014
toy,C2_Exploitation,9,380,0.716,False,380,0,0.012
toy,C2_Exploitation,10,380,0.631,False,380,0,0.007
toy,C3_Exploration,1,380,0.76,False,380,0,0.017
toy,C3_Exploration,2,380,0.837,False,380,0,0.019
toy,C3_Exploration,3,380,0.761,False,380,0,0.008
toy,C3_Exploration,4,380,0.809,False,380,0,0.024
toy,C3_Exploration,5,380,0.777,False,380,0,0.008
toy,C3_Exploration,6,380,0.919,False,380,0,0.016
toy,C3_Exploration,7,380,0.917,False,380,0,0.027
toy,C3_Exploration,8,380,0.933,False,380,0,0.021
toy,C3_Exploration,9,380,0.91,False,380,0,0.009
toy,C3_Exploration,10,380,0.956,False,380,0,0.009
toy,C4_Balanced,1,380,0.636,False,380,0,0.012
toy,C4_Balanced,2,380,0.625,False,380,0,0.007
toy,C4_Balanced,3,380,0.734,False,380,0,0.008
toy,C4_Balanced,4,380,0.643,False,380,0,0.014
toy,C4_Balanced,5,380,0.616,False,380,0,0.01
toy,C4_Balanced,6,380,0.737,False,380,0,0.018
toy,C4_Balanced,7,380,0.647,False,380,0,0.008
toy,C4_Balanced,8,380,0.732,False,380,0,0.019
toy,C4_Balanced,9,380,0.821,False,380,0,0.012
toy,C4_Balanced,10,380,0.739,False,380,0,0.021
toy,C5_WidePopulation,1,380,0.687,False,380,0,0.009
toy,C5_WidePopulation,2,380,0.687,False,380,0,0.018
toy,C5_WidePopulation,3,380,0.552,False,380,0,0.016
toy,C5_WidePopulation,4,380,0.519,False,380,0,0.017
toy,C5_WidePopulation,5,380,0.576,False,380,0,0.008
toy,C5_WidePopulation,6,380,0.636,False,380,0,0.009
toy,C5_WidePopulation,7,380,0.564,False,380,0,0.022
toy,C5_WidePopulation,8,380,0.57,False,380,0,0.008
toy,C5_WidePopulation,9,380,0.507,False,380,0,0.013
toy,C5_WidePopulation,10,380,0.625,False,380,0,0.012
uk_iptv,C1_Baseline,1,2347,272.133,False,2444,97,46.585
uk_iptv,C1_Baseline,2,2362,190.862,False,2519,157,37.23
uk_iptv,C1_Baseline,3,2590,238.88,False,3118,528,80.95
uk_iptv,C2_Exploitation,1,2340,215.48,False,2756,416,56.105
uk_iptv,C2_Exploitation,2,2476,207.735,False,2548,72,44.867
uk_iptv,C2_Exploitation,3,2408,226.253,False,3079,671,87.24
uk_iptv,C3_Exploration,1,2397,239.017,False,2661,264,70.905
uk_iptv,C3_Exploration,2,2675,247.088,False,3193,518,82.694
uk_iptv,C3_Exploration,3,2466,234.408,False,2783,317,66.348
uk_iptv,C4_Balanced,1,2440,210.39,False,2657,217,77.562
uk_iptv,C4_Balanced,2,2529,183.636,False,2898,369,63.234
uk_iptv,C4_Balanced,3,2398,188.786,False,2528,130,57.559
uk_iptv,C4_Balanced,4,2485,207.829,False,2942,457,79.384
uk_iptv,C5_WidePopulation,1,2502,185.607,False,2929,427,60.261
uk_iptv,C5_WidePopulation,2,2675,215.846,False,3014,339,94.072
uk_iptv,C5_WidePopulation,3,2380,200.127,False,2552,172,81.234
uk_tv_input,C1_Baseline,1,1341,15.347,False,1517,176,0.12
uk_tv_input,C1_Baseline,2,1354,16.453,False,1657,303,0.131
uk_tv_input,C1_Baseline,3,1525,13.497,False,1577,52,0.144
uk_tv_input,C1_Baseline,4,1370,13.373,False,1616,246,0.166
uk_tv_input,C1_Baseline,5,1538,14.525,False,1628,90,0.155
uk_tv_input,C1_Baseline,6,1371,15.512,False,1682,311,0.057
uk_tv_input,C1_Baseline,7,1385,14.426,False,1473,88,0.107
uk_tv_input,C1_Baseline,8,1477,15.546,False,1593,116,0.072
uk_tv_input,C1_Baseline,9,1497,14.205,False,1571,74,0.156
uk_tv_input,C1_Baseline,10,1454,16.5,False,1791,337,0.112
uk_tv_input,C2_Exploitation,1,1563,18.569,False,1775,212,0.136
uk_tv_input,C2_Exploitation,2,1332,16.256,False,1404,72,0.087
uk_tv_input,C2_Exploitation,3,1414,16.995,False,1534,120,0.087
uk_tv_input,C2_Exploitation,4,1247,16.01,False,1530,283,0.135
uk_tv_input,C2_Exploitation,5,1404,14.37,False,1512,108,0.074
uk_tv_input,C2_Exploitation,6,1283,17.011,False,1497,214,0.21
uk_tv_input,C2_Exploitation,7,1283,13.964,False,1519,236,0.085
uk_tv_input,C2_Exploitation,8,1249,12.877,False,1444,195,0.134
uk_tv_input,C2_Exploitation,9,1449,16.276,False,1567,118,0.1
uk_tv_input,C2_Exploitation,10,1469,16.173,False,1541,72,0.105
uk_tv_input,C3_Exploration,1,1427,19.955,False,1547,120,0.118
uk_tv_input,C3_Exploration,2,1437,17.828,False,1523,86,0.091
uk_tv_input,C3_Exploration,3,1472,16.787,False,1639,167,0.11
uk_tv_input,C3_Exploration,4,1427,18.969,False,1698,271,0.055
uk_tv_input,C3_Exploration,5,1414,18.329,False,1519,105,0.104
uk_tv_input,C3_Exploration,6,1452,19.598,False,1582,130,0.088
uk_tv_input,C3_Exploration,7,1503,18.705,False,1514,11,0.11
uk_tv_input,C3_Exploration,8,1501,19.746,False,1594,93,0.077
uk_tv_input,C3_Exploration,9,1521,17.264,False,1691,170,0.057
uk_tv_input,C3_Exploration,10,1444,18.223,False,1513,69,0.103
uk_tv_input,C4_Balanced,1,1401,12.077,False,1521,120,0.086
uk_tv_input,C4_Balanced,2,1484,14.657,False,1796,312,0.066
uk_tv_input,C4_Balanced,3,1494,13.153,False,1562,68,0.076
uk_tv_input,C4_Balanced,4,1409,13.397,False,1585,176,0.085
uk_tv_input,C4_Balanced,5,1510,13.291,False,1637,127,0.11
uk_tv_input,C4_Balanced,6,1513,13.405,False,1589,76,0.053
uk_tv_input,C4_Balanced,7,1540,15.176,False,1684,144,0.094
uk_tv_input,C4_Balanced,8,1377,11.086,False,1424,47,0.123
uk_tv_input,C4_Balanced,9,1509,15.097,False,1655,146,0.133
uk_tv_input,C4_Balanced,10,1427,12.593,False,1559,132,0.104
uk_tv_input,C5_WidePopulation,1,1351,10.259,False,1574,223,0.094
uk_tv_input,C5_WidePopulation,2,1499,11.311,False,1610,111,0.093
uk_tv_input,C5_WidePopulation,3,1439,9.726,False,1611,172,0.07
uk_tv_input,C5_WidePopulation,4,1433,11.714,False,1508,75,0.063
uk_tv_input,C5_WidePopulation,5,1373,11.883,False,1593,220,0.149
uk_tv_input,C5_WidePopulation,6,1473,10.83,False,1550,77,0.093
uk_tv_input,C5_WidePopulation,7,1533,10.665,False,1605,72,0.042
uk_tv_input,C5_WidePopulation,8,1439,11.592,False,1493,54,0.071
uk_tv_input,C5_WidePopulation,9,1481,11.191,False,1530,49,0.179
uk_tv_input,C5_WidePopulation,10,1348,12.062,False,1455,107,0.082
us_iptv,C1_Baseline,1,-1,900.029,True,-1,0,0.0
us_iptv,C2_Exploitation,1,-1,900.047,True,-1,0,0.0
us_iptv,C3_Exploration,1,-1,900.031,True,-1,0,0.0
us_iptv,C4_Balanced,1,-1,900.055,True,-1,0,0.0
us_iptv,C5_WidePopulation,1,-1,900.023,True,-1,0,0.0
usa_tv_input,C1_Baseline,1,1921,166.799,False,2168,247,2.387
usa_tv_input,C1_Baseline,2,1768,168.795,False,2292,524,1.786
usa_tv_input,C1_Baseline,3,1713,166.235,False,2233,520,1.347
usa_tv_input,C1_Baseline,4,1779,168.716,False,2120,341,0.979
usa_tv_input,C2_Exploitation,1,1711,150.256,False,1711,0,0.619
usa_tv_input,C2_Exploitation,2,1711,154.534,False,1711,0,0.63
usa_tv_input,C2_Exploitation,3,1786,174.944,False,2349,563,0.914
usa_tv_input,C2_Exploitation,4,1711,169.733,False,1711,0,0.577
usa_tv_input,C3_Exploration,1,2013,198.809,False,2300,287,1.25
usa_tv_input,C3_Exploration,2,1877,192.326,False,2472,595,1.571
usa_tv_input,C3_Exploration,3,1939,200.169,False,2497,558,1.051
usa_tv_input,C3_Exploration,4,1954,203.382,False,2349,395,1.31
usa_tv_input,C4_Balanced,1,1828,150.267,False,2021,193,1.234
usa_tv_input,C4_Balanced,2,2068,150.691,False,2571,503,1.307
usa_tv_input,C4_Balanced,3,2059,150.955,False,2183,124,1.113
usa_tv_input,C4_Balanced,4,1982,211.576,False,2189,207,2.939
usa_tv_input,C5_WidePopulation,1,1830,189.893,False,2525,695,1.888
usa_tv_input,C5_WidePopulation,2,1799,195.629,False,2497,698,2.151
usa_tv_input,C5_WidePopulation,3,1716,188.542,False,2101,385,2.028
usa_tv_input,C5_WidePopulation,4,1711,180.5,False,1711,0,0.821
youtube_gold,C1_Baseline,1,-1,900.073,True,-1,0,0.0
youtube_gold,C2_Exploitation,1,-1,900.052,True,-1,0,0.0
youtube_gold,C3_Exploration,1,-1,900.041,True,-1,0,0.0
youtube_gold,C4_Balanced,1,-1,900.044,True,-1,0,0.0
youtube_gold,C5_WidePopulation,1,-1,900.032,True,-1,0,0.0
youtube_premium,C1_Baseline,1,-1,900.037,True,-1,0,0.0
youtube_premium,C2_Exploitation,1,-1,900.047,True,-1,0,0.0
youtube_premium,C3_Exploration,1,-1,900.048,True,-1,0,0.0
youtube_premium,C4_Balanced,1,-1,900.044,True,-1,0,0.0
youtube_premium,C5_WidePopulation,1,-1,900.041,True,-1,0,0.0
