instance,config,run,score,duration_sec,timed_out
australia_iptv,C1_Baseline,1,2540,230.119,False
australia_iptv,C1_Baseline,2,2474,234.723,False
australia_iptv,C2_Exploitation,1,2535,227.549,False
australia_iptv,C2_Exploitation,2,2578,177.89,False
australia_iptv,C3_Exploration,1,2551,175.162,False
australia_iptv,C3_Exploration,2,2495,175.25,False
australia_iptv,C4_Balanced,1,2438,130.263,False
australia_iptv,C4_Balanced,2,2461,685.692,False
australia_iptv,C5_WidePopulation,1,2486,115.506,False
australia_iptv,C5_WidePopulation,2,2489,112.39,False
australia_iptv,C5_WidePopulation,3,2557,110.399,False
canada_pw,C1_Baseline,1,2532,168.883,False
canada_pw,C1_Baseline,2,2631,161.411,False
canada_pw,C2_Exploitation,1,2520,156.127,False
canada_pw,C2_Exploitation,2,2559,152.61,False
canada_pw,C3_Exploration,1,2391,182.559,False
canada_pw,C3_Exploration,2,2498,190.069,False
canada_pw,C4_Balanced,1,2457,139.904,False
canada_pw,C4_Balanced,2,2464,145.822,False
canada_pw,C4_Balanced,3,2458,146.713,False
canada_pw,C5_WidePopulation,1,2542,142.547,False
canada_pw,C5_WidePopulation,2,2464,140.274,False
canada_pw,C5_WidePopulation,3,2551,147.137,False
croatia_tv_input,C1_Baseline,1,1703,2.371,False
croatia_tv_input,C1_Baseline,2,1591,2.7,False
croatia_tv_input,C1_Baseline,3,1651,3.229,False
croatia_tv_input,C1_Baseline,4,1645,2.662,False
croatia_tv_input,C1_Baseline,5,1593,2.659,False
croatia_tv_input,C1_Baseline,6,1695,3.164,False
croatia_tv_input,C1_Baseline,7,1600,2.494,False
croatia_tv_input,C1_Baseline,8,1643,2.542,False
croatia_tv_input,C1_Baseline,9,1649,2.52,False
croatia_tv_input,C1_Baseline,10,1618,2.389,False
croatia_tv_input,C2_Exploitation,1,1486,2.403,False
croatia_tv_input,C2_Exploitation,2,1595,2.548,False
croatia_tv_input,C2_Exploitation,3,1603,2.304,False
croatia_tv_input,C2_Exploitation,4,1482,2.509,False
croatia_tv_input,C2_Exploitation,5,1595,2.578,False
croatia_tv_input,C2_Exploitation,6,1664,2.632,False
croatia_tv_input,C2_Exploitation,7,1705,2.538,False
croatia_tv_input,C2_Exploitation,8,1626,2.738,False
croatia_tv_input,C2_Exploitation,9,1652,2.589,False
croatia_tv_input,C2_Exploitation,10,1596,2.371,False
croatia_tv_input,C3_Exploration,1,1692,2.981,False
croatia_tv_input,C3_Exploration,2,1800,3.268,False
croatia_tv_input,C3_Exploration,3,1861,4.402,False
croatia_tv_input,C3_Exploration,4,1642,3.657,False
croatia_tv_input,C3_Exploration,5,1809,3.084,False
croatia_tv_input,C3_Exploration,6,1755,4.445,False
croatia_tv_input,C3_Exploration,7,1818,3.689,False
croatia_tv_input,C3_Exploration,8,1740,2.861,False
croatia_tv_input,C3_Exploration,9,1867,3.033,False
croatia_tv_input,C3_Exploration,10,1699,3.054,False
croatia_tv_input,C4_Balanced,1,1686,2.249,False
croatia_tv_input,C4_Balanced,2,1661,2.132,False
croatia_tv_input,C4_Balanced,3,1740,2.217,False
croatia_tv_input,C4_Balanced,4,1819,2.206,False
croatia_tv_input,C4_Balanced,5,1651,2.225,False
croatia_tv_input,C4_Balanced,6,1681,2.343,False
croatia_tv_input,C4_Balanced,7,1649,2.46,False
croatia_tv_input,C4_Balanced,8,1643,2.28,False
croatia_tv_input,C4_Balanced,9,1680,2.426,False
croatia_tv_input,C4_Balanced,10,1598,2.238,False
croatia_tv_input,C5_WidePopulation,1,1761,1.982,False
croatia_tv_input,C5_WidePopulation,2,1700,1.934,False
croatia_tv_input,C5_WidePopulation,3,1678,1.731,False
croatia_tv_input,C5_WidePopulation,4,1750,2.127,False
croatia_tv_input,C5_WidePopulation,5,1741,1.98,False
croatia_tv_input,C5_WidePopulation,6,1795,1.979,False
croatia_tv_input,C5_WidePopulation,7,1649,1.946,False
croatia_tv_input,C5_WidePopulation,8,1635,1.992,False
croatia_tv_input,C5_WidePopulation,9,1974,2.856,False
croatia_tv_input,C5_WidePopulation,10,1829,2.796,False
france_iptv,C1_Baseline,1,2013,58.393,False
france_iptv,C1_Baseline,2,1943,59.705,False
france_iptv,C1_Baseline,3,2029,59.024,False
france_iptv,C1_Baseline,4,1913,58.392,False
france_iptv,C1_Baseline,5,2012,59.888,False
france_iptv,C1_Baseline,6,1966,56.433,False
france_iptv,C2_Exploitation,1,2047,51.097,False
france_iptv,C2_Exploitation,2,1968,55.045,False
france_iptv,C2_Exploitation,3,1918,56.355,False
france_iptv,C2_Exploitation,4,1944,54.133,False
france_iptv,C2_Exploitation,5,1975,54.853,False
france_iptv,C2_Exploitation,6,1864,51.542,False
france_iptv,C3_Exploration,1,2069,61.728,False
france_iptv,C3_Exploration,2,1994,61.412,False
france_iptv,C3_Exploration,3,2027,64.768,False
france_iptv,C3_Exploration,4,1913,63.978,False
france_iptv,C3_Exploration,5,2054,64.934,False
france_iptv,C4_Balanced,1,2008,46.325,False
france_iptv,C4_Balanced,2,1981,48.823,False
france_iptv,C4_Balanced,3,1941,45.716,False
france_iptv,C4_Balanced,4,2028,48.026,False
france_iptv,C4_Balanced,5,2044,49.603,False
france_iptv,C4_Balanced,6,2004,46.636,False
france_iptv,C4_Balanced,7,1892,44.217,False
france_iptv,C5_WidePopulation,1,2016,42.01,False
france_iptv,C5_WidePopulation,2,2094,43.57,False
france_iptv,C5_WidePopulation,3,1940,42.721,False
france_iptv,C5_WidePopulation,4,1943,42.995,False
france_iptv,C5_WidePopulation,5,2027,2258.444,False
germany_tv_input,C1_Baseline,1,922,1.148,False
germany_tv_input,C1_Baseline,2,917,1.082,False
germany_tv_input,C1_Baseline,3,932,1.098,False
germany_tv_input,C1_Baseline,4,922,1.059,False
germany_tv_input,C1_Baseline,5,920,1.044,False
germany_tv_input,C1_Baseline,6,917,1.101,False
germany_tv_input,C1_Baseline,7,920,1.128,False
germany_tv_input,C1_Baseline,8,920,1.09,False
germany_tv_input,C1_Baseline,9,917,0.989,False
germany_tv_input,C1_Baseline,10,912,1.09,False
germany_tv_input,C2_Exploitation,1,902,1.039,False
germany_tv_input,C2_Exploitation,2,922,1.076,False
germany_tv_input,C2_Exploitation,3,917,1.008,False
germany_tv_input,C2_Exploitation,4,917,1.042,False
germany_tv_input,C2_Exploitation,5,915,1.069,False
germany_tv_input,C2_Exploitation,6,917,1.194,False
germany_tv_input,C2_Exploitation,7,917,1.066,False
germany_tv_input,C2_Exploitation,8,922,0.997,False
germany_tv_input,C2_Exploitation,9,917,0.966,False
germany_tv_input,C2_Exploitation,10,907,1.043,False
germany_tv_input,C3_Exploration,1,932,1.182,False
germany_tv_input,C3_Exploration,2,920,1.178,False
germany_tv_input,C3_Exploration,3,932,1.107,False
germany_tv_input,C3_Exploration,4,917,1.162,False
germany_tv_input,C3_Exploration,5,920,1.112,False
germany_tv_input,C3_Exploration,6,932,1.061,False
germany_tv_input,C3_Exploration,7,932,1.182,False
germany_tv_input,C3_Exploration,8,917,1.526,False
germany_tv_input,C3_Exploration,9,932,1.427,False
germany_tv_input,C3_Exploration,10,922,1.281,False
germany_tv_input,C4_Balanced,1,900,1.041,False
germany_tv_input,C4_Balanced,2,917,1.337,False
germany_tv_input,C4_Balanced,3,923,1.215,False
germany_tv_input,C4_Balanced,4,920,1.167,False
germany_tv_input,C4_Balanced,5,920,1.031,False
germany_tv_input,C4_Balanced,6,922,0.93,False
germany_tv_input,C4_Balanced,7,922,0.949,False
germany_tv_input,C4_Balanced,8,922,0.93,False
germany_tv_input,C4_Balanced,9,922,0.915,False
germany_tv_input,C4_Balanced,10,920,0.917,False
germany_tv_input,C5_WidePopulation,1,910,0.777,False
germany_tv_input,C5_WidePopulation,2,915,0.831,False
germany_tv_input,C5_WidePopulation,3,914,0.909,False
germany_tv_input,C5_WidePopulation,4,917,0.752,False
germany_tv_input,C5_WidePopulation,5,917,0.799,False
germany_tv_input,C5_WidePopulation,6,910,0.84,False
germany_tv_input,C5_WidePopulation,7,932,0.766,False
germany_tv_input,C5_WidePopulation,8,917,0.758,False
germany_tv_input,C5_WidePopulation,9,932,0.885,False
germany_tv_input,C5_WidePopulation,10,922,0.747,False
kosovo_tv_input,C1_Baseline,1,1446,2.638,False
kosovo_tv_input,C1_Baseline,2,1430,3.192,False
kosovo_tv_input,C1_Baseline,3,1384,3.31,False
kosovo_tv_input,C1_Baseline,4,1467,2.919,False
kosovo_tv_input,C1_Baseline,5,1419,3.525,False
kosovo_tv_input,C1_Baseline,6,1428,3.24,False
kosovo_tv_input,C1_Baseline,7,1414,3.187,False
kosovo_tv_input,C1_Baseline,8,1444,3.264,False
kosovo_tv_input,C1_Baseline,9,1420,3.126,False
kosovo_tv_input,C1_Baseline,10,1406,3.209,False
kosovo_tv_input,C2_Exploitation,1,1359,3.324,False
kosovo_tv_input,C2_Exploitation,2,1302,3.028,False
kosovo_tv_input,C2_Exploitation,3,1369,3.13,False
kosovo_tv_input,C2_Exploitation,4,1367,3.451,False
kosovo_tv_input,C2_Exploitation,5,1386,3.725,False
kosovo_tv_input,C2_Exploitation,6,1387,3.85,False
kosovo_tv_input,C2_Exploitation,7,1366,2.918,False
kosovo_tv_input,C2_Exploitation,8,1293,2.875,False
kosovo_tv_input,C2_Exploitation,9,1366,2.979,False
kosovo_tv_input,C2_Exploitation,10,1356,3.133,False
kosovo_tv_input,C3_Exploration,1,1438,3.598,False
kosovo_tv_input,C3_Exploration,2,1425,3.791,False
kosovo_tv_input,C3_Exploration,3,1436,3.66,False
kosovo_tv_input,C3_Exploration,4,1397,3.509,False
kosovo_tv_input,C3_Exploration,5,1469,3.723,False
kosovo_tv_input,C3_Exploration,6,1422,3.815,False
kosovo_tv_input,C3_Exploration,7,1421,4.276,False
kosovo_tv_input,C3_Exploration,8,1505,4.409,False
kosovo_tv_input,C3_Exploration,9,1416,3.762,False
kosovo_tv_input,C3_Exploration,10,1450,3.712,False
kosovo_tv_input,C4_Balanced,1,1429,3.037,False
kosovo_tv_input,C4_Balanced,2,1384,2.932,False
kosovo_tv_input,C4_Balanced,3,1456,2.995,False
kosovo_tv_input,C4_Balanced,4,1462,3.115,False
kosovo_tv_input,C4_Balanced,5,1443,3.285,False
kosovo_tv_input,C4_Balanced,6,1401,3.123,False
kosovo_tv_input,C4_Balanced,7,1434,2.813,False
kosovo_tv_input,C4_Balanced,8,1423,3.288,False
kosovo_tv_input,C4_Balanced,9,1412,2.723,False
kosovo_tv_input,C4_Balanced,10,1388,2.78,False
kosovo_tv_input,C5_WidePopulation,1,1386,2.56,False
kosovo_tv_input,C5_WidePopulation,2,1412,2.453,False
kosovo_tv_input,C5_WidePopulation,3,1402,2.292,False
kosovo_tv_input,C5_WidePopulation,4,1438,2.077,False
kosovo_tv_input,C5_WidePopulation,5,1490,2.495,False
kosovo_tv_input,C5_WidePopulation,6,1476,2.316,False
kosovo_tv_input,C5_WidePopulation,7,1425,2.504,False
kosovo_tv_input,C5_WidePopulation,8,1459,2.486,False
kosovo_tv_input,C5_WidePopulation,9,1487,2.333,False
kosovo_tv_input,C5_WidePopulation,10,1416,2.503,False
netherlands_tv_input,C1_Baseline,1,1447,2.972,False
netherlands_tv_input,C1_Baseline,2,1500,3.283,False
netherlands_tv_input,C1_Baseline,3,1555,3.342,False
netherlands_tv_input,C1_Baseline,4,1502,2.918,False
netherlands_tv_input,C1_Baseline,5,1540,3.04,False
netherlands_tv_input,C1_Baseline,6,1502,3.247,False
netherlands_tv_input,C1_Baseline,7,1500,3.444,False
netherlands_tv_input,C1_Baseline,8,1535,3.346,False
netherlands_tv_input,C1_Baseline,9,1403,3.395,False
netherlands_tv_input,C1_Baseline,10,1482,2.979,False
netherlands_tv_input,C2_Exploitation,1,1468,3.064,False
netherlands_tv_input,C2_Exploitation,2,1308,2.603,False
netherlands_tv_input,C2_Exploitation,3,1487,3.273,False
netherlands_tv_input,C2_Exploitation,4,1367,2.853,False
netherlands_tv_input,C2_Exploitation,5,1559,3.034,False
netherlands_tv_input,C2_Exploitation,6,1362,3.19,False
netherlands_tv_input,C2_Exploitation,7,1464,3.167,False
netherlands_tv_input,C2_Exploitation,8,1482,3.272,False
netherlands_tv_input,C2_Exploitation,9,1401,3.052,False
netherlands_tv_input,C2_Exploitation,10,1405,3.912,False
netherlands_tv_input,C3_Exploration,1,1570,5.715,False
netherlands_tv_input,C3_Exploration,2,1476,3.898,False
netherlands_tv_input,C3_Exploration,3,1565,3.905,False
netherlands_tv_input,C3_Exploration,4,1461,3.639,False
netherlands_tv_input,C3_Exploration,5,1449,3.772,False
netherlands_tv_input,C3_Exploration,6,1494,4.301,False
netherlands_tv_input,C3_Exploration,7,1451,4.151,False
netherlands_tv_input,C3_Exploration,8,1459,3.935,False
netherlands_tv_input,C3_Exploration,9,1598,3.457,False
netherlands_tv_input,C3_Exploration,10,1493,3.545,False
netherlands_tv_input,C4_Balanced,1,1484,2.558,False
netherlands_tv_input,C4_Balanced,2,1462,2.739,False
netherlands_tv_input,C4_Balanced,3,1489,2.783,False
netherlands_tv_input,C4_Balanced,4,1417,2.76,False
netherlands_tv_input,C4_Balanced,5,1503,2.841,False
netherlands_tv_input,C4_Balanced,6,1450,4.448,False
netherlands_tv_input,C4_Balanced,7,1475,2.756,False
netherlands_tv_input,C4_Balanced,8,1513,2.719,False
netherlands_tv_input,C4_Balanced,9,1664,3.079,False
netherlands_tv_input,C4_Balanced,10,1495,3.02,False
netherlands_tv_input,C5_WidePopulation,1,1467,2.457,False
netherlands_tv_input,C5_WidePopulation,2,1491,2.535,False
netherlands_tv_input,C5_WidePopulation,3,1510,2.29,False
netherlands_tv_input,C5_WidePopulation,4,1465,2.204,False
netherlands_tv_input,C5_WidePopulation,5,1506,2.494,False
netherlands_tv_input,C5_WidePopulation,6,1490,2.087,False
netherlands_tv_input,C5_WidePopulation,7,1531,2.355,False
netherlands_tv_input,C5_WidePopulation,8,1524,3.09,False
netherlands_tv_input,C5_WidePopulation,9,1424,3.371,False
netherlands_tv_input,C5_WidePopulation,10,1493,2.69,False
singapore_pw,C1_Baseline,1,2398,79.432,False
singapore_pw,C1_Baseline,2,2449,93.896,False
singapore_pw,C1_Baseline,3,2371,89.165,False
singapore_pw,C1_Baseline,4,2516,87.36,False
singapore_pw,C2_Exploitation,1,2537,81.341,False
singapore_pw,C2_Exploitation,2,2320,65.528,False
singapore_pw,C2_Exploitation,3,2596,73.177,False
singapore_pw,C2_Exploitation,4,2447,84.806,False
singapore_pw,C3_Exploration,1,2545,88.58,False
singapore_pw,C3_Exploration,2,2501,92.859,False
singapore_pw,C3_Exploration,3,2423,91.314,False
singapore_pw,C3_Exploration,4,2364,90.001,False
singapore_pw,C4_Balanced,1,2299,66.999,False
singapore_pw,C4_Balanced,2,2318,65.934,False
singapore_pw,C4_Balanced,3,2400,70.663,False
singapore_pw,C4_Balanced,4,2454,62.007,False
singapore_pw,C4_Balanced,5,2642,65.105,False
singapore_pw,C5_WidePopulation,1,2442,599.889,False
spain_iptv,C1_Baseline,1,2064,42.405,False
spain_iptv,C1_Baseline,2,2147,45.071,False
spain_iptv,C1_Baseline,3,2067,45.596,False
spain_iptv,C1_Baseline,4,2172,54.116,False
spain_iptv,C1_Baseline,5,1987,43.094,False
spain_iptv,C1_Baseline,6,2143,73.781,False
spain_iptv,C2_Exploitation,1,2070,52.235,False
spain_iptv,C2_Exploitation,2,2069,81.737,False
spain_iptv,C2_Exploitation,3,2092,46.936,False
spain_iptv,C2_Exploitation,4,2012,34.327,False
spain_iptv,C2_Exploitation,5,2361,42.964,False
spain_iptv,C2_Exploitation,6,2075,31.249,False
spain_iptv,C2_Exploitation,7,2044,39.579,False
spain_iptv,C3_Exploration,1,2090,48.205,False
spain_iptv,C3_Exploration,2,2070,49.175,False
spain_iptv,C3_Exploration,3,2093,49.107,False
spain_iptv,C3_Exploration,4,2112,51.708,False
spain_iptv,C3_Exploration,5,2037,53.499,False
spain_iptv,C3_Exploration,6,2006,53.407,False
spain_iptv,C4_Balanced,1,1968,33.598,False
spain_iptv,C4_Balanced,2,1935,37.467,False
spain_iptv,C4_Balanced,3,2062,35.689,False
spain_iptv,C4_Balanced,4,2199,36.617,False
spain_iptv,C4_Balanced,5,1981,33.04,False
spain_iptv,C4_Balanced,6,2132,36.003,False
spain_iptv,C4_Balanced,7,2168,37.301,False
spain_iptv,C4_Balanced,8,1963,39.447,False
spain_iptv,C4_Balanced,9,2138,39.522,False
spain_iptv,C5_WidePopulation,1,2252,35.652,False
spain_iptv,C5_WidePopulation,2,2051,37.022,False
spain_iptv,C5_WidePopulation,3,1972,35.835,False
spain_iptv,C5_WidePopulation,4,1965,656.655,False
toy,C1_Baseline,1,380,0.67,False
toy,C1_Baseline,2,380,0.673,False
toy,C1_Baseline,3,380,0.691,False
toy,C1_Baseline,4,380,0.668,False
toy,C1_Baseline,5,380,0.539,False
toy,C1_Baseline,6,380,0.884,False
toy,C1_Baseline,7,380,0.91,False
toy,C1_Baseline,8,380,0.797,False
toy,C1_Baseline,9,380,0.613,False
toy,C1_Baseline,10,380,0.725,False
toy,C2_Exploitation,1,380,0.752,False
toy,C2_Exploitation,2,380,0.651,False
toy,C2_Exploitation,3,380,0.655,False
toy,C2_Exploitation,4,380,0.592,False
toy,C2_Exploitation,5,380,0.769,False
toy,C2_Exploitation,6,380,0.656,False
toy,C2_Exploitation,7,380,0.617,False
toy,C2_Exploitation,8,380,0.63,False
toy,C2_Exploitation,9,380,0.662,False
toy,C2_Exploitation,10,380,0.643,False
toy,C3_Exploration,1,380,0.717,False
toy,C3_Exploration,2,380,0.878,False
toy,C3_Exploration,3,380,0.769,False
toy,C3_Exploration,4,380,1.019,False
toy,C3_Exploration,5,380,1.126,False
toy,C3_Exploration,6,380,0.872,False
toy,C3_Exploration,7,380,1.098,False
toy,C3_Exploration,8,380,0.744,False
toy,C3_Exploration,9,380,0.787,False
toy,C3_Exploration,10,380,0.689,False
toy,C4_Balanced,1,380,0.575,False
toy,C4_Balanced,2,380,0.559,False
toy,C4_Balanced,3,380,0.805,False
toy,C4_Balanced,4,380,0.585,False
toy,C4_Balanced,5,380,0.557,False
toy,C4_Balanced,6,380,0.702,False
toy,C4_Balanced,7,380,0.691,False
toy,C4_Balanced,8,380,0.746,False
toy,C4_Balanced,9,380,0.546,False
toy,C4_Balanced,10,380,0.616,False
toy,C5_WidePopulation,1,380,0.484,False
toy,C5_WidePopulation,2,380,0.485,False
toy,C5_WidePopulation,3,380,0.664,False
toy,C5_WidePopulation,4,380,0.607,False
toy,C5_WidePopulation,5,380,0.561,False
toy,C5_WidePopulation,6,380,0.552,False
toy,C5_WidePopulation,7,380,0.478,False
toy,C5_WidePopulation,8,380,0.578,False
toy,C5_WidePopulation,9,380,0.47,False
toy,C5_WidePopulation,10,380,0.479,False
uk_iptv,C1_Baseline,1,-1,300.046,True
uk_iptv,C2_Exploitation,1,-1,300.05,True
uk_iptv,C3_Exploration,1,-1,300.042,True
uk_iptv,C4_Balanced,1,2440,249.592,False
uk_iptv,C4_Balanced,2,2529,227.727,False
uk_iptv,C5_WidePopulation,1,2502,1938.78,False
uk_tv_input,C1_Baseline,1,1341,22.965,False
uk_tv_input,C1_Baseline,2,1354,25.503,False
uk_tv_input,C1_Baseline,3,1525,25.454,False
uk_tv_input,C1_Baseline,4,1370,23.433,False
uk_tv_input,C1_Baseline,5,1538,26.106,False
uk_tv_input,C1_Baseline,6,1371,28.339,False
uk_tv_input,C1_Baseline,7,1385,22.536,False
uk_tv_input,C1_Baseline,8,1477,27.504,False
uk_tv_input,C1_Baseline,9,1497,26.18,False
uk_tv_input,C1_Baseline,10,1454,24.958,False
uk_tv_input,C2_Exploitation,1,1563,33.215,False
uk_tv_input,C2_Exploitation,2,1332,26.382,False
uk_tv_input,C2_Exploitation,3,1414,32.961,False
uk_tv_input,C2_Exploitation,4,1247,23.741,False
uk_tv_input,C2_Exploitation,5,1404,26.421,False
uk_tv_input,C2_Exploitation,6,1283,29.91,False
uk_tv_input,C2_Exploitation,7,1283,26.772,False
uk_tv_input,C2_Exploitation,8,1249,22.627,False
uk_tv_input,C2_Exploitation,9,1449,26.424,False
uk_tv_input,C2_Exploitation,10,1469,29.936,False
uk_tv_input,C3_Exploration,1,1427,31.3,False
uk_tv_input,C3_Exploration,2,1437,31.763,False
uk_tv_input,C3_Exploration,3,1472,32.743,False
uk_tv_input,C3_Exploration,4,1427,32.321,False
uk_tv_input,C3_Exploration,5,1414,32.239,False
uk_tv_input,C3_Exploration,6,1452,32.112,False
uk_tv_input,C3_Exploration,7,1503,34.188,False
uk_tv_input,C3_Exploration,8,1501,29.342,False
uk_tv_input,C3_Exploration,9,1521,31.811,False
uk_tv_input,C3_Exploration,10,1444,29.897,False
uk_tv_input,C4_Balanced,1,1401,24.183,False
uk_tv_input,C4_Balanced,2,1484,18.97,False
uk_tv_input,C4_Balanced,3,1494,18.689,False
uk_tv_input,C4_Balanced,4,1409,17.214,False
uk_tv_input,C4_Balanced,5,1510,21.151,False
uk_tv_input,C4_Balanced,6,1513,18.148,False
uk_tv_input,C4_Balanced,7,1540,19.623,False
uk_tv_input,C4_Balanced,8,1377,18.973,False
uk_tv_input,C4_Balanced,9,1509,19.061,False
uk_tv_input,C4_Balanced,10,1427,17.656,False
uk_tv_input,C5_WidePopulation,1,1351,21.053,False
uk_tv_input,C5_WidePopulation,2,1499,23.029,False
uk_tv_input,C5_WidePopulation,3,1439,20.466,False
uk_tv_input,C5_WidePopulation,4,1433,32.897,False
uk_tv_input,C5_WidePopulation,5,1373,37.319,False
uk_tv_input,C5_WidePopulation,6,1473,31.307,False
uk_tv_input,C5_WidePopulation,7,1533,18.861,False
uk_tv_input,C5_WidePopulation,8,1439,19.196,False
uk_tv_input,C5_WidePopulation,9,1481,20.414,False
uk_tv_input,C5_WidePopulation,10,1348,17.722,False
usa_tv_input,C1_Baseline,1,1921,287.717,False
usa_tv_input,C1_Baseline,2,-1,300.039,True
usa_tv_input,C2_Exploitation,1,1711,299.604,False
usa_tv_input,C2_Exploitation,2,1711,267.156,False
usa_tv_input,C3_Exploration,1,2013,233.039,False
usa_tv_input,C3_Exploration,2,1877,232.765,False
usa_tv_input,C4_Balanced,1,1828,154.611,False
usa_tv_input,C4_Balanced,2,2068,165.123,False
usa_tv_input,C5_WidePopulation,1,1830,142.757,False
usa_tv_input,C5_WidePopulation,2,1799,140.373,False
usa_tv_input,C5_WidePopulation,3,1716,140.091,False
